emp_id,First Name,Middle Initial,Last Name,E Mail,Date of Birth,Date of Joining,SSN,Phone Number,User Name,Password
526540,Angelique,K,Goodwin,angelique.goodwin@gmail.com,1964-05-15,2001-03-24,471-57-0359,212-884-7146,akgoodwin,z{d>ez%{.@
859327,Jeni,S,Shaffer,jeni.shaffer@gmail.com,1962-01-13,2015-12-10,624-85-4146,205-665-7020,jsshaffer,7U56!*!O
887387,Donald,T,Farris,donald.farris@bellsouth.net,1958-04-11,1979-11-12,097-02-3315,205-959-7879,dtfarris,rX.F{j&]&m&&X
779497,Steven,D,Rendon,steven.rendon@gmail.com,1982-04-04,2008-09-18,134-98-6566,217-858-0054,sdrendon,a+2;sx}<G]y
896517,Jenell,L,Almanza,jenell.almanza@yahoo.com,1958-07-01,1993-07-14,599-92-7345,314-893-2590,jlalmanza,Ou7RX{yT
220965,Almeta,Y,Brookins,almeta.brookins@gmail.com,1985-05-08,2017-04-25,109-98-3095,229-238-0915,aybrookins,HQHKE_+9hv
721091,Bobbie,E,Branson,bobbie.branson@hotmail.com,1996-02-10,2017-04-27,047-15-8435,216-849-6986,bebranson,tA5zrwtY9\!Y
633636,Bertram,R,Carlisle,bertram.carlisle@aol.com,1982-12-31,2012-11-02,257-99-3865,215-614-1953,brcarlisle,F4G46Phi$qF
823898,Carlton,E,Leclair,carlton.leclair@cox.net,1986-03-17,2009-01-07,044-15-4027,319-943-1308,celeclair,Kce]-Rnti6
413865,Todd,R,Slater,todd.slater@earthlink.net,1995-06-09,2017-03-07,553-99-2106,218-671-2547,trslater,EZ5}EHI4
439483,Adalberto,K,Hazel,adalberto.hazel@yahoo.co.in,1959-12-08,1995-04-27,264-99-9423,262-893-5324,akhazel,j8v|]L6g2j-T$4+
809408,Seymour,B,Nelson,seymour.nelson@hotmail.com,1996-01-21,2017-07-02,119-98-1796,215-821-4109,sbnelson,cEvcPqX[
748190,Vicente,D,Dawkins,vicente.dawkins@gmail.com,1994-06-17,2016-07-02,116-98-6696,217-567-3339,vddawkins,t\XA;6?;[c>!47c
397283,Rex,Q,Ng,rex.ng@yahoo.com,1982-08-22,2007-01-17,192-86-7823,215-352-5080,rqng,rcT|A-ba:8aZ$q
553684,Arlena,I,Clough,arlena.clough@yahoo.com,1957-10-15,2015-12-26,032-92-6090,316-737-9183,aiclough,5vI5~Zd:
495667,Cory,H,Clarke,cory.clarke@shell.com,1980-06-02,2012-04-27,731-28-8642,480-381-5936,chclarke,k2QH6T#d!
936158,Sofia,Y,Poole,sofia.poole@earthlink.net,1964-12-03,1993-07-18,126-98-9929,215-824-1223,sypoole,GLTTXR|JL0~E
537591,Samuel,G,Wendt,samuel.wendt@bellsouth.net,1976-11-25,2016-02-24,369-39-1426,229-497-4180,sgwendt,pOq-woq:}4.ubd0
909018,Virgil,R,Trowbridge,virgil.trowbridge@aol.com,1986-04-06,2016-11-21,005-13-9026,202-652-7351,vrtrowbridge,3PE>x:gOp<AY5jN
878666,Elda,Y,Champagne,elda.champagne@gmail.com,1983-05-21,2016-11-08,540-83-9723,218-621-9347,eychampagne,IawX0iQY&D
995710,Robert,G,Guinn,robert.guinn@walmart.com,1972-06-14,1997-01-08,403-73-1584,219-797-9997,rgguinn,x@xCTeXJ74*}R8
511059,Humberto,W,Sauer,humberto.sauer@yahoo.com,1989-04-11,2012-11-12,210-84-3620,231-445-8008,hwsauer,q&_|-%P-S-
754455,Anastasia,N,Childers,anastasia.childers@hotmail.com,1988-12-20,2011-02-26,753-07-4603,262-835-1119,anchilders,5G;rxDn:
489275,Collene,O,Kidd,collene.kidd@shell.com,1965-02-25,1993-08-14,704-18-2387,209-293-8759,cokidd,goocZI#~7N!7suU
500905,Harris,Z,Beavers,harris.beavers@shell.com,1970-09-14,1999-01-29,008-94-7794,239-294-7204,hzbeavers,gv8q[B?p
984409,Kathe,B,John,kathe.john@gmail.com,1992-06-15,2013-12-28,444-27-9644,216-961-7231,kbjohn,A\Pv~BOD8
812053,Ashly,E,Stanton,ashly.stanton@gmail.com,1992-12-13,2014-02-10,385-37-9974,217-304-4274,aestanton,3<u55Xj^@fy7#OS
550206,Geraldo,E,Easley,geraldo.easley@shaw.ca,1974-03-28,2002-05-06,556-99-1014,210-374-1084,geeasley,3q\|HQi9{R>IRL
728053,Leigh,R,Fite,leigh.fite@gmail.com,1967-07-16,2004-06-03,548-99-7981,217-348-2881,lrfite,3r|R05du]98pR8I
184257,Devon,I,Knox,devon.knox@gmail.com,1979-03-24,2005-09-03,344-11-4272,236-433-5011,diknox,LfKn#gT3h>
235295,Yevette,D,Mullis,yevette.mullis@gmail.com,1972-04-08,1995-10-14,031-92-8075,216-407-3106,ydmullis,quS?S>|}
767674,Irena,Z,Dang,irena.dang@gmail.com,1972-01-22,2009-02-24,636-31-2014,236-666-5736,izdang,SKR2COdtmJA
391837,Cory,L,Hayden,cory.hayden@gmail.com,1966-07-20,1992-03-31,109-98-9846,262-617-9565,clhayden,M9Nqt*&>*c5
466560,Dolores,A,Begley,dolores.begley@hotmail.com,1981-12-16,2016-03-21,019-94-6803,209-877-7013,dabegley,8e;FDv*HnOG
900756,Benjamin,O,Doss,benjamin.doss@gmail.com,1984-06-01,2010-03-31,607-87-2621,229-413-6404,bodoss,3k}8*JZ!
678628,Theron,I,Farmer,theron.farmer@gmail.com,1969-05-16,2015-07-08,430-99-8830,217-297-4629,tifarmer,0qC2c1MJ2H&@
492527,Hilton,N,Mcgehee,hilton.mcgehee@microsoft.com,1986-07-26,2009-03-18,042-15-4369,231-885-2299,hnmcgehee,8thdsXfBeBv6N
886060,Sixta,J,Beaudoin,sixta.beaudoin@gmail.com,1975-03-04,2004-02-29,399-31-6070,236-832-1401,sjbeaudoin,Hu5[dWW~hFPy34
366431,Sade,U,Shay,sade.shay@gmail.com,1994-12-06,2016-01-20,693-16-3108,405-620-5457,sushay,y>;Y[$It
331297,Shemika,E,Beckman,shemika.beckman@hotmail.com,1967-10-18,2003-02-07,625-85-6937,314-817-2178,sebeckman,LS-qdpEb1K
496541,Winfred,X,Gonzales,winfred.gonzales@aol.com,1964-03-10,2016-01-18,466-99-0813,215-259-8618,wxgonzales,Q&>Mi&B%kml34tm
654617,Rogelio,Z,Woodall,rogelio.woodall@gmail.com,1972-12-19,1996-12-22,218-89-5439,316-362-8838,rzwoodall,d-D9:-YN
163409,Damion,C,Rafferty,damion.rafferty@yahoo.com,1974-10-27,2015-03-20,235-57-9815,217-846-4054,dcrafferty,54XMnP*\F9&
299088,Dannie,I,Catron,dannie.catron@earthlink.net,1979-04-20,2016-10-13,073-02-8837,215-403-5296,dicatron,YI[#Xj}?oj
961442,Stephan,M,Titus,stephan.titus@hotmail.com,1968-03-07,2009-10-17,235-57-1721,219-474-8565,smtitus,ME_YQuf};VlbIz\
155097,Dorian,J,Sage,dorian.sage@shaw.ca,1970-07-27,1992-07-14,553-99-7803,270-256-2491,djsage,DRtK9Gnq^X0cm
976422,Jake,W,Espinal,jake.espinal@shaw.ca,1959-01-19,2003-09-25,594-99-8803,209-739-8484,jwespinal,oKz3l$S2Q|sY41
138911,Claudio,L,Heck,claudio.heck@aol.com,1967-09-28,2005-05-14,366-39-9069,215-359-3397,clheck,mH_b:JA52
160938,Marcel,X,Trotter,marcel.trotter@aol.com,1985-02-01,2006-04-25,763-12-7919,605-487-4676,mxtrotter,jI?44\xh
399707,Dillon,Y,Dominguez,dillon.dominguez@gmail.com,1963-10-22,2015-01-29,285-15-0592,218-530-8020,dydominguez,2LdirxG@
713294,Sammy,Y,Dewitt,sammy.dewitt@ibm.com,1988-01-24,2014-12-05,729-28-6911,206-468-7536,sydewitt,Quwicz}Ebz
627298,Sterling,A,Serna,sterling.serna@hotmail.com,1985-04-15,2015-11-17,512-33-9199,212-483-9629,saserna,z9>oc+y*S%
709884,Ivonne,K,Manning,ivonne.manning@yahoo.ca,1977-09-13,2002-06-29,609-87-3514,701-819-7127,ikmanning,mnJ6W:Dx[
932773,Clair,E,Harwell,clair.harwell@bp.com,1968-08-11,1991-04-14,626-85-0761,212-335-3305,ceharwell,E_;H-rBx9_Nv?@3
796605,Jenni,A,Goolsby,jenni.goolsby@gmail.com,1971-05-13,2005-10-10,250-99-6761,236-425-5880,jagoolsby,KTBjHdx_tdc8
885395,Tayna,K,Poston,tayna.poston@yahoo.ca,1958-01-15,2016-01-30,714-18-2827,209-247-2504,tkposton,QX<6#AEi4vVWzSN
411503,Vern,F,Mackenzie,vern.mackenzie@gmail.com,1982-07-03,2016-12-31,234-57-0893,236-780-5288,vfmackenzie,I-&NJoaD
622405,Harrison,X,Hawk,harrison.hawk@hotmail.co.uk,1962-07-19,2006-06-26,592-99-9799,210-998-7839,hxhawk,Q_TqJfDpD
233136,Preston,U,Tribble,preston.tribble@exxonmobil.com,1979-11-04,2004-03-20,149-23-1759,208-571-4789,putribble,38Tw3pt|tOMAX4
170637,Aleen,S,Araujo,aleen.araujo@gmail.com,1978-05-10,2004-11-07,133-98-0581,205-492-3826,asaraujo,Bq|uR%t>-|m0
215719,Brent,U,Carrillo,brent.carrillo@aol.com,1973-04-02,2013-03-30,258-99-5725,239-728-0228,bucarrillo,KwY0@]JJ#
452163,Adalberto,Y,Tate,adalberto.tate@shaw.ca,1982-03-31,2009-08-15,032-92-8729,216-500-3888,aytate,OCFPmhX0*F
572204,Rafael,R,Weeks,rafael.weeks@gmail.com,1992-06-07,2016-10-31,546-99-1086,212-678-8854,rrweeks,pK~<0k<t-UM
779517,Aurea,H,Pullen,aurea.pullen@gmail.com,1973-07-22,2016-10-25,622-85-5122,239-814-5354,ahpullen,D7fdw~fTX_G3CTg
844157,Ramiro,Q,Holguin,ramiro.holguin@gmail.com,1958-06-01,2002-11-18,104-02-1961,216-690-4327,rqholguin,6jB:x4I3~
312726,Celine,C,Lumpkin,celine.lumpkin@gmail.com,1986-12-31,2008-01-22,368-39-3103,216-897-4459,cclumpkin,q.2icGDg-y-:TpQ
419549,Bryant,L,Naylor,bryant.naylor@hotmail.com,1993-07-19,2014-10-21,698-16-4709,207-532-1710,blnaylor,58gQWZs-fge
505927,Oswaldo,U,Winchester,oswaldo.winchester@gmail.com,1959-04-08,1989-09-11,728-14-6144,479-931-1345,ouwinchester,wJZ&h&rrutImbo
526254,Kacy,G,Crandall,kacy.crandall@hotmail.com,1961-09-08,1983-12-25,171-86-6831,229-215-2471,kgcrandall,lf[11#r$->+.ZJ
460226,Brock,E,Hutcherson,brock.hutcherson@hotmail.com,1995-03-06,2016-10-16,086-02-8001,803-570-5060,behutcherson,N>dyw+gF9$EYoA
840113,Ramiro,N,Conover,ramiro.conover@earthlink.net,1992-07-26,2016-09-16,494-29-8376,207-947-9487,rnconover,xh>\9O[Z
432820,Myron,N,Marble,myron.marble@gmail.com,1980-12-13,2004-06-12,183-86-5370,225-988-8557,mnmarble,w<lD4Yk4fX!IK[
957596,Freeman,H,Kern,freeman.kern@gmail.com,1963-07-11,1987-05-10,393-33-5849,303-480-2041,fhkern,yq36Zq|-
530134,Mathew,O,Whitfield,mathew.whitfield@gmail.com,1986-10-09,2015-08-25,772-02-3040,405-928-3699,mowhitfield,Q6Q^XYyp\|*}
316372,Alexander,C,Goad,alexander.goad@cox.net,1965-05-21,1994-07-24,450-99-8615,314-361-0820,acgoad,q}AD{7+1\5R5?O
501658,Renee,X,Beverly,renee.beverly@rediffmail.com,1977-07-01,2015-07-18,684-24-1555,308-954-6249,rxbeverly,aTwE52-WPpZ
147133,Tommie,B,Weller,tommie.weller@cox.net,1959-08-09,2002-07-15,194-86-7809,229-783-2920,tbweller,IEcfme@JT\rcE5<
551149,Michale,Q,Colson,michale.colson@comcast.net,1961-11-18,2002-08-20,229-99-7364,209-400-0883,mqcolson,kkbwkI.Ke0
595558,Denisha,Z,Fitch,denisha.fitch@msn.com,1990-10-21,2017-04-28,216-89-7736,210-936-6841,dzfitch,18fz@t:q7aEA
637407,Napoleon,G,Kelsey,napoleon.kelsey@hotmail.com,1995-08-07,2016-12-08,608-87-5484,239-723-6178,ngkelsey,NJX;qDvZ#S0t
597741,Tonya,F,Wilson,tonya.wilson@aol.com,1980-04-27,2013-01-07,019-94-9784,215-652-7491,tfwilson,8#M^Q$|&
403534,Clement,U,Hidalgo,clement.hidalgo@gmail.com,1960-03-09,1988-02-11,224-99-4650,339-645-9620,cuhidalgo,kF-EUb\XBZ8te
314661,Charles,A,Quintero,charles.quintero@gmail.com,1958-03-27,2012-12-22,094-02-8828,218-660-1183,caquintero,NJ%-H]SOL7Jd
317987,Chastity,U,Pineda,chastity.pineda@shaw.ca,1975-05-09,2010-06-19,279-15-4975,262-613-2602,cupineda,n4dtB}A@?
820109,Verna,Q,Michaud,verna.michaud@gmail.com,1993-05-04,2015-10-20,564-99-2134,215-235-0637,vqmichaud,nXkZ}%C-wu
388558,Alfred,O,Beamon,alfred.beamon@gmail.com,1963-07-07,2003-03-22,251-99-8106,406-343-5419,aobeamon,g_nkbo7_$^
403207,Michal,T,Maurer,michal.maurer@yahoo.com,1976-12-08,2000-05-01,237-99-0766,252-347-9978,mtmaurer,P0s0RWz&
143711,Wenona,X,Carmichael,wenona.carmichael@yahoo.com,1964-08-31,2005-08-31,480-41-9877,219-271-2278,wxcarmichael,1MEI.O:1
402180,Allan,V,Bernhardt,allan.bernhardt@gmail.com,1962-01-24,1987-01-02,526-99-3494,202-909-9740,avbernhardt,kSGhyhoJOGhU
242388,Nam,Y,Schmidt,nam.schmidt@yahoo.co.uk,1993-04-08,2016-01-27,657-36-5472,219-802-6287,nyschmidt,w&~5KY4|-jL[:
819367,Yolande,B,Piper,yolande.piper@gmail.com,1966-10-09,1998-04-14,713-18-3200,219-233-1861,ybpiper,h6\}gLafP7r-\T
962291,Whitney,Q,Shipman,whitney.shipman@gmail.com,1982-10-26,2007-05-18,172-86-7071,319-963-4464,wqshipman,KW|xJ*Ts
856379,Terence,B,Ferro,terence.ferro@gmail.com,1982-01-18,2015-04-23,375-37-5783,262-874-4684,tbferro,c}v*z0W%+woH~rv
149972,Alberto,G,Riley,alberto.riley@gmail.com,1974-01-13,2004-12-17,345-11-4018,217-352-2731,agriley,d%Uu\Rr;YR@SW|
174955,Jacqueline,J,Burk,jacqueline.burk@verizon.net,1989-06-28,2012-09-23,695-16-1567,212-683-7962,jjburk,hRd>a$;d5l-R
549389,Clemente,M,Gould,clemente.gould@hotmail.com,1961-12-31,1992-10-02,271-17-5467,228-485-0919,cmgould,m1%+0ojh7VIvJ
466832,Chang,K,Roden,chang.roden@yahoo.com,1988-09-07,2010-08-06,074-02-9202,316-256-7851,ckroden,5|Rn]G:#58f$>+S
203380,Marvin,R,Nickel,marvin.nickel@ibm.com,1986-11-25,2012-10-06,552-99-5545,270-750-7760,mrnickel,8*E[g-_X|
915991,Eldora,Y,Tribble,eldora.tribble@earthlink.net,1995-05-29,2016-10-17,763-12-2082,236-584-1916,eytribble,z>ms?;$8-u
289172,Azzie,L,Layman,azzie.layman@hotmail.co.uk,1961-09-06,2004-03-26,637-29-1007,503-456-5899,allayman,k<%?%TML.].1ZY
